,word_counts,percentages
0,1067,43.765381460213284
1,449,18.416735028712058
2,250,10.254306808859722
3,567,23.256767842493847
4,33,1.3535684987694832
5,72,2.9532403609515994
