,word_counts,percentages
agency_count,3496,43.6127744510978
communality_count,1536,19.16167664670659
grindstone_count,917,11.439620758483034
standout_count,1740,21.706586826347305
social_count,93,1.1601796407185627
radiology_count,183,2.282934131736527
keen_good_count,51,0.6362275449101796
