,word_counts,percentages
0,1067,43.87335526315789
1,449,18.46217105263158
2,250,10.279605263157894
3,567,23.314144736842106
4,33,1.3569078947368423
5,66,2.7138157894736845
