,word_counts,percentages
0,3496,43.892027620841176
1,1536,19.284369114877588
2,917,11.512868801004394
3,1740,21.84557438794727
4,93,1.167608286252354
5,183,2.297551789077213
