,word_counts,percentages
0,3496,44.01913875598086
1,1536,19.340216570133467
2,917,11.546210022664315
3,1740,21.90883908335432
4,93,1.1709896751448
5,160,2.014605892722236
