,word_counts,percentages
0,1059,46.34573304157549
1,426,18.643326039387308
2,252,11.028446389496718
3,478,20.919037199124727
4,23,1.0065645514223196
5,47,2.0568927789934355
