,word_counts,percentages
agency_count,1059,46.06350587211831
communality_count,426,18.52979556328839
grindstone_count,252,10.96128751631144
standout_count,478,20.791648542844715
social_count,23,1.0004349717268377
radiology_count,52,2.2618529795563287
keen_good_count,9,0.39147455415397997
