,word_counts,percentages
0,1059,46.24454148471616
1,426,18.602620087336245
2,252,11.004366812227074
3,478,20.87336244541485
4,23,1.0043668122270744
5,52,2.2707423580786026
