,word_counts,percentages
agency_count,889,43.42940889106009
communality_count,387,18.9057156814851
grindstone_count,233,11.382510991695163
standout_count,445,21.73913043478261
social_count,23,1.1235955056179776
radiology_count,53,2.589154860771861
keen_good_count,17,0.8304836345872008
