,word_counts,percentages
0,889,43.92292490118577
1,387,19.120553359683797
2,233,11.511857707509881
3,445,21.98616600790514
4,23,1.1363636363636365
5,47,2.322134387351779
