,word_counts,percentages
0,889,43.79310344827586
1,387,19.064039408866996
2,233,11.47783251231527
3,445,21.921182266009854
4,23,1.1330049261083743
5,53,2.610837438423645
