,word_counts,percentages
0,161,46.53179190751445
1,77,22.254335260115607
2,39,11.271676300578035
3,59,17.052023121387283
4,5,1.4450867052023122
5,5,1.4450867052023122
