,word_counts,percentages
agency_count,96,43.83561643835616
communality_count,37,16.894977168949772
grindstone_count,30,13.698630136986301
standout_count,51,23.28767123287671
social_count,2,0.91324200913242
radiology_count,3,1.36986301369863
keen_good_count,0,0.0
