,word_counts,percentages
0,85,45.45454545454545
1,31,16.577540106951872
2,23,12.299465240641712
3,45,24.06417112299465
4,0,0.0
5,3,1.6042780748663104
