,word_counts,percentages
0,105,43.0327868852459
1,59,24.18032786885246
2,23,9.426229508196721
3,45,18.442622950819672
4,3,1.2295081967213115
5,9,3.6885245901639343
