,word_counts,percentages
agency_count,152,44.97041420118343
communality_count,88,26.035502958579883
grindstone_count,39,11.538461538461538
standout_count,52,15.384615384615385
social_count,1,0.2958579881656805
radiology_count,5,1.4792899408284024
keen_good_count,1,0.2958579881656805
