,word_counts,percentages
agency_count,69,44.230769230769226
communality_count,22,14.102564102564102
grindstone_count,27,17.307692307692307
standout_count,31,19.871794871794872
social_count,3,1.9230769230769231
radiology_count,4,2.564102564102564
keen_good_count,0,0.0
