,word_counts,percentages
0,105,42.857142857142854
1,59,24.081632653061224
2,23,9.387755102040817
3,45,18.367346938775512
4,3,1.2244897959183674
5,10,4.081632653061225
