,word_counts,percentages
agency_count,174,43.28358208955223
communality_count,81,20.149253731343283
grindstone_count,50,12.437810945273633
standout_count,76,18.90547263681592
social_count,6,1.4925373134328357
radiology_count,14,3.482587064676617
keen_good_count,1,0.24875621890547264
