,word_counts,percentages
0,69,44.230769230769226
1,22,14.102564102564102
2,27,17.307692307692307
3,31,19.871794871794872
4,3,1.9230769230769231
5,4,2.564102564102564
