,word_counts,percentages
0,249,46.111111111111114
1,108,20.0
2,65,12.037037037037036
3,105,19.444444444444446
4,5,0.9259259259259258
5,8,1.4814814814814816
