,word_counts,percentages
0,204,40.55666003976143
1,97,19.284294234592444
2,64,12.72365805168986
3,115,22.86282306163022
4,6,1.1928429423459244
5,17,3.3797216699801194
