,word_counts,percentages
agency_count,29,30.526315789473685
communality_count,28,29.47368421052631
grindstone_count,15,15.789473684210526
standout_count,17,17.894736842105264
social_count,2,2.1052631578947367
radiology_count,4,4.2105263157894735
keen_good_count,0,0.0
