,word_counts,percentages
0,152,45.103857566765576
1,88,26.112759643916917
2,39,11.572700296735905
3,52,15.43026706231454
4,1,0.2967359050445104
5,5,1.483679525222552
