,word_counts,percentages
0,269,40.57315233785822
1,135,20.361990950226243
2,85,12.82051282051282
3,143,21.568627450980394
4,8,1.206636500754148
5,23,3.469079939668175
