,word_counts,percentages
agency_count,62,49.2063492063492
communality_count,21,16.666666666666664
grindstone_count,14,11.11111111111111
standout_count,23,18.253968253968253
social_count,3,2.380952380952381
radiology_count,2,1.5873015873015872
keen_good_count,1,0.7936507936507936
