,word_counts,percentages
agency_count,105,42.68292682926829
communality_count,59,23.983739837398375
grindstone_count,23,9.34959349593496
standout_count,45,18.29268292682927
social_count,3,1.2195121951219512
radiology_count,10,4.0650406504065035
keen_good_count,1,0.40650406504065045
