,word_counts,percentages
0,269,40.390390390390394
1,135,20.27027027027027
2,85,12.762762762762764
3,143,21.47147147147147
4,8,1.2012012012012012
5,26,3.903903903903904
