,word_counts,percentages
0,214,46.320346320346324
1,109,23.593073593073594
2,53,11.471861471861471
3,75,16.233766233766232
4,4,0.8658008658008658
5,7,1.5151515151515151
