,word_counts,percentages
0,204,40.316205533596836
1,97,19.1699604743083
2,64,12.648221343873518
3,115,22.727272727272727
4,6,1.185770750988142
5,20,3.9525691699604746
