,word_counts,percentages
0,174,43.391521197007485
1,81,20.199501246882793
2,50,12.468827930174564
3,76,18.952618453865338
4,6,1.4962593516209477
5,14,3.4912718204488775
