,word_counts,percentages
0,514,42.833333333333336
1,223,18.583333333333332
2,140,11.666666666666666
3,279,23.25
4,14,1.1666666666666667
5,30,2.5
