,word_counts,percentages
0,651,41.124447252053066
1,293,18.509159823120658
2,171,10.80227416298168
3,424,26.784586228679725
4,17,1.0739102969046115
5,27,1.705622236260265
