,word_counts,percentages
0,582,45.718774548311075
1,235,18.460329929300865
2,147,11.547525530243519
3,270,21.209740769835037
4,14,1.0997643362136684
5,25,1.9638648860958365
