,word_counts,percentages
0,1232,45.51163649796823
1,506,18.692279275951236
2,318,11.747321758404137
3,568,20.98263760620613
4,34,1.2560029553010712
5,49,1.810121906169191
