,word_counts,percentages
0,1500,44.48398576512456
1,644,19.098457888493474
2,385,11.417556346381968
3,730,21.648873072360615
4,47,1.3938315539739028
5,66,1.9572953736654803
