,word_counts,percentages
agency_count,116,38.15789473684211
communality_count,64,21.052631578947366
grindstone_count,25,8.223684210526317
standout_count,78,25.657894736842106
social_count,8,2.631578947368421
radiology_count,11,3.618421052631579
keen_good_count,2,0.6578947368421052
