,word_counts,percentages
agency_count,651,40.81504702194357
communality_count,293,18.369905956112852
grindstone_count,171,10.721003134796238
standout_count,424,26.583072100313483
social_count,17,1.0658307210031348
radiology_count,30,1.8808777429467085
keen_good_count,9,0.5642633228840125
