,word_counts,percentages
0,155,43.90934844192634
1,60,16.997167138810198
2,32,9.06515580736544
3,96,27.19546742209632
4,3,0.84985835694051
5,7,1.9830028328611897
