,word_counts,percentages
agency_count,189,50.26595744680851
communality_count,66,17.5531914893617
grindstone_count,25,6.648936170212766
standout_count,78,20.74468085106383
social_count,3,0.7978723404255319
radiology_count,13,3.4574468085106385
keen_good_count,2,0.5319148936170213
