,word_counts,percentages
0,496,40.32520325203252
1,233,18.943089430894307
2,139,11.300813008130081
3,328,26.666666666666668
4,14,1.1382113821138211
5,20,1.6260162601626018
