,word_counts,percentages
agency_count,152,46.06060606060606
communality_count,45,13.636363636363635
grindstone_count,36,10.909090909090908
standout_count,78,23.636363636363637
social_count,5,1.5151515151515151
radiology_count,13,3.939393939393939
keen_good_count,1,0.30303030303030304
