,word_counts,percentages
0,189,50.534759358288774
1,66,17.647058823529413
2,25,6.684491978609626
3,78,20.855614973262032
4,3,0.8021390374331552
5,13,3.4759358288770055
