,word_counts,percentages
0,582,45.57556773688332
1,235,18.402505873140175
2,147,11.511354737666405
3,270,21.1433046202036
4,14,1.096319498825372
5,29,2.2709475332811273
