,word_counts,percentages
0,264,40.06069802731411
1,136,20.637329286798177
2,64,9.711684370257966
3,162,24.582701062215477
4,13,1.9726858877086493
5,20,3.0349013657056148
