,word_counts,percentages
0,496,40.22708840227088
1,233,18.896999188969993
2,139,11.27331711273317
3,328,26.60178426601784
4,14,1.1354420113544201
5,23,1.8653690186536902
