,word_counts,percentages
agency_count,514,42.40924092409241
communality_count,223,18.3993399339934
grindstone_count,140,11.55115511551155
standout_count,279,23.01980198019802
social_count,14,1.155115511551155
radiology_count,30,2.4752475247524752
keen_good_count,12,0.9900990099009901
