,word_counts,percentages
0,264,40.243902439024396
1,136,20.73170731707317
2,64,9.75609756097561
3,162,24.695121951219512
4,13,1.9817073170731707
5,17,2.591463414634146
