,word_counts,percentages
agency_count,155,43.78531073446328
communality_count,60,16.94915254237288
grindstone_count,32,9.03954802259887
standout_count,96,27.11864406779661
social_count,3,0.847457627118644
radiology_count,7,1.977401129943503
keen_good_count,1,0.2824858757062147
