,word_counts,percentages
0,189,50.67024128686327
1,66,17.694369973190348
2,25,6.702412868632708
3,78,20.91152815013405
4,3,0.8042895442359249
5,12,3.2171581769436997
