,word_counts,percentages
0,152,46.20060790273556
1,45,13.677811550151976
2,36,10.94224924012158
3,78,23.70820668693009
4,5,1.5197568389057752
5,13,3.951367781155015
