,word_counts,percentages
agency_count,515,43.68108566581849
communality_count,226,19.168787107718405
grindstone_count,140,11.874469889737066
standout_count,262,22.22222222222222
social_count,10,0.8481764206955046
radiology_count,24,2.035623409669211
keen_good_count,2,0.16963528413910092
