,word_counts,percentages
0,514,42.97658862876254
1,223,18.645484949832774
2,140,11.705685618729097
3,279,23.327759197324415
4,14,1.1705685618729096
5,26,2.1739130434782608
