,word_counts,percentages
0,671,43.51491569390402
1,271,17.5745784695201
2,177,11.478599221789883
3,364,23.605706874189362
4,19,1.2321660181582361
5,40,2.594033722438392
