,word_counts,percentages
0,789,46.76941315945465
1,309,18.31653823355068
2,177,10.49199762892709
3,358,21.221102548903378
4,17,1.007705986959099
5,37,2.1932424422050976
