,word_counts,percentages
0,1232,45.377532228360955
1,506,18.637200736648253
2,318,11.712707182320441
3,568,20.920810313075506
4,34,1.2523020257826887
5,57,2.0994475138121547
