,word_counts,percentages
0,1781,43.8130381303813
1,790,19.43419434194342
2,471,11.586715867158672
3,876,21.54981549815498
4,56,1.3776137761377614
5,91,2.238622386223862
