,word_counts,percentages
0,1781,43.662662417259135
1,790,19.36749203236087
2,471,11.54694778131895
3,876,21.475851924491295
4,56,1.372885511154695
5,105,2.574160333415053
