,word_counts,percentages
0,832,41.68336673346693
1,374,18.7374749498998
2,221,11.072144288577155
3,506,25.35070140280561
4,23,1.1523046092184368
5,40,2.004008016032064
