,word_counts,percentages
agency_count,832,41.39303482587064
communality_count,374,18.606965174129353
grindstone_count,221,10.99502487562189
standout_count,506,25.17412935323383
social_count,23,1.144278606965174
radiology_count,44,2.1890547263681595
keen_good_count,10,0.4975124378109453
