,word_counts,percentages
0,2830,44.07413175517832
1,1200,18.688677776047342
2,744,11.586980221149354
3,1450,22.582152312723874
4,76,1.183616259149665
5,121,1.8844416757514404
