,word_counts,percentages
0,2830,43.94409937888199
1,1200,18.633540372670808
2,744,11.5527950310559
3,1450,22.51552795031056
4,76,1.1801242236024845
5,140,2.1739130434782608
