,word_counts,percentages
0,769,44.42518775274408
1,311,17.96649335644136
2,157,9.06990179087233
3,421,24.321201617562103
4,24,1.386481802426343
5,49,2.8307336799537843
