,word_counts,percentages
0,3626,43.99417617083232
1,1524,18.49065760737685
2,910,11.041009463722396
3,1888,22.90706139286581
4,100,1.2132977432661975
5,194,2.353797621936423
