,word_counts,percentages
0,283,44.0809968847352
1,119,18.53582554517134
2,86,13.395638629283487
3,130,20.24922118380062
4,8,1.2461059190031152
5,16,2.4922118380062304
