,word_counts,percentages
0,637,43.66004112405758
1,328,22.481151473612062
2,166,11.3776559287183
3,276,18.917066483893077
4,16,1.0966415352981496
5,36,2.467443454420836
