,word_counts,percentages
agency_count,923,43.5377358490566
communality_count,447,21.08490566037736
grindstone_count,255,12.028301886792454
standout_count,407,19.19811320754717
social_count,24,1.1320754716981132
radiology_count,56,2.6415094339622645
keen_good_count,8,0.37735849056603776
