,word_counts,percentages
agency_count,769,44.11933448078027
communality_count,311,17.842799770510613
grindstone_count,157,9.007458405048768
standout_count,421,24.153757888697648
social_count,24,1.376936316695353
radiology_count,53,3.040734366035571
keen_good_count,8,0.45897877223178424
