,word_counts,percentages
0,3626,44.117289207932835
1,1524,18.54240175203796
2,910,11.071906557975423
3,1888,22.971164375228128
4,100,1.2166930283489477
5,171,2.0805450784767006
