,word_counts,percentages
agency_count,3639,43.73798076923077
communality_count,1527,18.353365384615383
grindstone_count,914,10.985576923076923
standout_count,1895,22.776442307692307
social_count,100,1.201923076923077
radiology_count,194,2.331730769230769
keen_good_count,51,0.6129807692307693
