,word_counts,percentages
0,923,43.78557874762809
1,447,21.20493358633776
2,255,12.096774193548388
3,407,19.307400379506642
4,24,1.1385199240986716
5,52,2.4667931688804554
