,word_counts,percentages
0,769,44.32276657060519
1,311,17.92507204610951
2,157,9.048991354466859
3,421,24.26512968299712
4,24,1.38328530259366
5,53,3.054755043227666
