,word_counts,percentages
agency_count,2843,43.67127496159755
communality_count,1203,18.47926267281106
grindstone_count,748,11.490015360983103
standout_count,1457,22.380952380952383
social_count,76,1.1674347158218126
radiology_count,140,2.1505376344086025
keen_good_count,43,0.6605222734254993
