,word_counts,percentages
0,923,43.702651515151516
1,447,21.164772727272727
2,255,12.073863636363637
3,407,19.270833333333336
4,24,1.1363636363636365
5,56,2.6515151515151514
