,word_counts,percentages
0,637,43.54066985645933
1,328,22.419685577580314
2,166,11.346548188653452
3,276,18.865345181134654
4,16,1.0936431989063569
5,40,2.734107997265892
