,od,p
agency,0.9948689927177377,0.9256784262056422
communality,0.9448519592131724,0.3460891866116599
grindstone,0.8781915434440659,0.09155307997752725
standout,1.084174975580088,0.14743513647280707
social,1.1614512775803099,0.4595862995172431
radiology,1.2940703684713772,0.07230023823018275
