,od,p
agency,1.0172422086469042,0.8861518872023728
communality,0.7845742200251831,0.042927158224870254
grindstone,1.2047976076969749,0.19026862470833406
standout,1.0883010643115942,0.4723965611852076
social,1.13801261829653,0.8241906975061322
radiology,1.010294639687611,1.0
