,od,p
agency,1.027991452991453,0.775018850395853
communality,0.790693073915472,0.04923910043753008
grindstone,1.2128658259609353,0.18908236651388702
standout,1.0962793457072633,0.4360357946282334
social,1.1448818897637796,0.8238565257404498
radiology,0.9122807017543859,0.883150221022619
keen_good,0.32554517133956384,0.4479762363219332
