,od,p
agency,1.0221922923872784,0.8486306948460729
communality,0.7873490183276594,0.04899806059109216
grindstone,1.2085247464678859,0.1895837569554794
standout,1.091980865036232,0.4717435537486929
social,1.141167192429022,0.8240324510919524
radiology,0.9092651757188498,0.8831694428420339
