,od,p
agency,0.9882295745566201,0.8249971408872472
communality,1.1834456503747843,0.005691698251276648
grindstone,1.1063927994461111,0.1894215726872174
standout,0.8033693275013669,0.0003031400616682544
social,0.9358620689655173,0.8235186327504429
radiology,1.1299289983553291,0.4270949873509714
