,od,p
agency,0.9866247285777123,0.7868524816312736
communality,1.1822341630836182,0.006246345047850795
grindstone,1.105302953926807,0.18952125233818984
standout,0.8023436488008051,0.00027091726215210674
social,0.9350095969289828,0.8234856796861802
radiology,1.190342913054361,0.2752885872949625
