,od,p
agency,1.0183602363526973,0.7443326512103847
communality,0.9580779197258251,0.5538087625356476
grindstone,0.7625496490009508,0.002893069166441363
standout,1.1044355747255932,0.12259179755409001
social,1.1819601359419492,0.4610267139079537
radiology,1.426923076923077,0.03217733069465601
keen_good,0.693465585416527,0.39372949183277167
