,od,p
agency,1.015476739167014,0.7853137831871546
communality,0.9536750936329588,0.5081851118146987
grindstone,0.7617100726385653,0.0028653874794446824
standout,1.1026032645777568,0.1302200193666445
social,1.1745670429727153,0.46304874563958826
radiology,1.4179548156956006,0.03994328508864998
