,od,p
agency,0.8759683387936902,0.010421978151965546
communality,0.9844327416089833,0.8199098574678084
grindstone,0.9912462813389805,0.935431303322912
standout,1.2665832290362953,8.402015203155943e-05
social,0.949169602415702,0.9069487237326266
radiology,0.8627012147687152,0.41201192454214397
keen_good,0.6953125,0.34934070583758514
